-- phpMyAdmin SQL Dump
-- version 5.2.1
-- https://www.phpmyadmin.net/
--
-- Хост: 127.0.0.1
-- Време на генериране: 14 септ 2025 в 12:01
-- Версия на сървъра: 10.4.32-MariaDB
-- Версия на PHP: 8.2.12

SET SQL_MODE = "NO_AUTO_VALUE_ON_ZERO";
START TRANSACTION;
SET time_zone = "+00:00";


/*!40101 SET @OLD_CHARACTER_SET_CLIENT=@@CHARACTER_SET_CLIENT */;
/*!40101 SET @OLD_CHARACTER_SET_RESULTS=@@CHARACTER_SET_RESULTS */;
/*!40101 SET @OLD_COLLATION_CONNECTION=@@COLLATION_CONNECTION */;
/*!40101 SET NAMES utf8mb4 */;

--
-- База данни: `sun_and_ground`
--

-- --------------------------------------------------------

--
-- Структура на таблица `carts`
--

CREATE TABLE `carts` (
  `id` int(11) NOT NULL,
  `user_id` int(11) NOT NULL
) ENGINE=InnoDB DEFAULT CHARSET=utf8mb4 COLLATE=utf8mb4_general_ci;

--
-- Схема на данните от таблица `carts`
--

INSERT INTO `carts` (`id`, `user_id`) VALUES
(1, 1);

-- --------------------------------------------------------

--
-- Структура на таблица `cart_items`
--

CREATE TABLE `cart_items` (
  `id` int(11) NOT NULL,
  `cart_id` int(11) NOT NULL,
  `product_variations_id` int(11) NOT NULL,
  `quantity` int(11) NOT NULL
) ENGINE=InnoDB DEFAULT CHARSET=utf8mb4 COLLATE=utf8mb4_general_ci;

-- --------------------------------------------------------

--
-- Структура на таблица `orders`
--

CREATE TABLE `orders` (
  `id` int(11) NOT NULL,
  `user_id` int(11) NOT NULL,
  `order_date` datetime NOT NULL DEFAULT current_timestamp(),
  `is_sent` tinyint(1) NOT NULL DEFAULT 0
) ENGINE=InnoDB DEFAULT CHARSET=utf8mb4 COLLATE=utf8mb4_general_ci;

--
-- Схема на данните от таблица `orders`
--

INSERT INTO `orders` (`id`, `user_id`, `order_date`, `is_sent`) VALUES
(4, 1, '2025-09-03 20:51:42', 1),
(5, 1, '2025-09-04 19:27:27', 1),
(6, 1, '2025-09-04 19:31:23', 0),
(7, 1, '2025-09-04 19:39:11', 1),
(8, 1, '2025-09-04 19:41:39', 0),
(9, 1, '2025-09-04 19:42:13', 1),
(10, 1, '2025-09-13 15:43:53', 1),
(11, 1, '2025-09-14 12:33:10', 0);

-- --------------------------------------------------------

--
-- Структура на таблица `order_items`
--

CREATE TABLE `order_items` (
  `id` int(11) NOT NULL,
  `order_id` int(11) NOT NULL,
  `product_variation_id` int(11) NOT NULL,
  `quantity` int(11) NOT NULL
) ENGINE=InnoDB DEFAULT CHARSET=utf8mb4 COLLATE=utf8mb4_general_ci;

--
-- Схема на данните от таблица `order_items`
--

INSERT INTO `order_items` (`id`, `order_id`, `product_variation_id`, `quantity`) VALUES
(1, 4, 143, 1),
(2, 4, 90, 1),
(3, 5, 80, 1),
(4, 5, 114, 1),
(5, 5, 27, 1),
(6, 6, 40, 1),
(7, 6, 66, 1),
(8, 6, 46, 1),
(9, 7, 55, 1),
(10, 8, 124, 1),
(11, 9, 108, 1),
(12, 10, 46, 4),
(13, 10, 117, 1),
(14, 10, 1, 1),
(15, 11, 45, 21);

-- --------------------------------------------------------

--
-- Структура на таблица `products`
--

CREATE TABLE `products` (
  `id` int(10) NOT NULL,
  `name` varchar(50) NOT NULL,
  `category` varchar(50) DEFAULT NULL,
  `options` int(10) DEFAULT 1,
  `variety` varchar(50) DEFAULT NULL,
  `image_path` varchar(255) DEFAULT NULL,
  `cultivation` varchar(50) DEFAULT NULL,
  `characteristics` text DEFAULT NULL,
  `brief_description` text DEFAULT NULL
) ENGINE=InnoDB DEFAULT CHARSET=utf8mb4 COLLATE=utf8mb4_general_ci;

--
-- Схема на данните от таблица `products`
--

INSERT INTO `products` (`id`, `name`, `category`, `options`, `variety`, `image_path`, `cultivation`, `characteristics`, `brief_description`) VALUES
(1, 'Сушени ягоди', 'Сушени плодове', 1, 'Фламенко', '/Sun_and_ground/images/products/dry_strawberry.gif', 'Собствено производство', 'Съхранявайте на сухо, тъмно и хладно място до 1 година', 'Ягодите от късния сорт Фламенко се отличават с интенсзивния си аромат и сладък вкус. Изсушени са по традиционни методи и не съдържат консерванти и дабавени захари'),
(2, 'Сушени малини', 'Сушени плодове', 1, 'Полка', '/Sun_and_ground/images/products/dry_raspberry.jpg', 'Собствено производство', 'Съхранявайте на сухо, тъмно и хладно място до 1 година', 'Малините от ранния сорт Полка се отличават с много добри вкусови качества като плодовета са едри и ароматни. Изсушени са по традиционни методи и не съдържат консерванти и дабавени захари'),
(3, 'Сушени праскови', 'Сушени плодове', 1, 'Редхейвън', '/Sun_and_ground/images/products/dry_peach.png', 'Собствено производство', 'Съхранявайте на сухо, тъмно и хладно място до 1 година', 'Прасковите от сорта Редхейвън са едри с сладък вкус. Изсушени са по традиционни методи и не съдържат консерванти и дабавени захари'),
(4, 'Сушени кайсии', 'Сушени плодове', 1, 'Хатафука', '/Sun_and_ground/images/products/dry_apricot.jpg', 'Собствено производство', 'Съхранявайте на сухо, тъмно и хладно място до 1 година', 'Кайсиите от японския сорт Хатафока се отличават с сладкия си вкус и интензивен аромат. Изсушени са по традиционни методи и не съдържат консерванти и дабавени захари'),
(5, 'Сушени черници', 'Сушени плодове', 1, 'Черна черница', '/Sun_and_ground/images/products/dry_black_mulberry.jpg', 'Собствено производство', 'Съхранявайте на сухо, тъмно и хладно място до 1 година', 'Едър, сладък и ароматен плод. Изсушени са по традиционни методи и не съдържат консерванти и дабавени захари'),
(6, 'Сушени бели черници', 'Сушени плодове', 1, 'Бяла черница', '/Sun_and_ground/images/products/dry_white_mulberry.jpg', 'Собствено производство', 'Съхранявайте на сухо, тъмно и хладно място до 1 година', 'Едър, сладък и ароматен плод. Изсушени са по традиционни методи и не съдържат консерванти и дабавени захари'),
(7, 'Сушени смокини', 'Сушени плодове', 1, 'Поморийска', '/Sun_and_ground/images/products/dry_figs.jpg', 'Собствено производство', 'Съхранявайте на сухо, тъмно и хладно място до 1 година', 'Смокините от българския сорт Поморийска са средно големис, с характерен аромат и сладък вкус. Изсушени са по традиционни методи и не съдържат консерванти и дабавени захари'),
(8, 'Сушени череши', 'Сушени плодове', 1, 'Светла', '/Sun_and_ground/images/products/dry_cherries.jpg', 'Собствено производство', 'Съхранявайте на сухо, тъмно и хладно място до 1 година', 'Черешита от българския сорт Светла са едри и сладки с светлочервен цвят. Изсушени са по традиционни методи и не съдържат консерванти и дабавени захари'),
(9, 'Сушени чбълки', 'Сушени плодове', 1, 'Ред Делишес', '/Sun_and_ground/images/products/dry_apple.jpg', 'Собствено производство', 'Съхранявайте на сухо, тъмно и хладно място до 1 година', 'Ябълките от сорта Ред Делишес са най-предпочитаните за готвене и сушене заради своя сладък вкус и твърда плът. Изсушени са по традиционни методи и не съдържат консерванти и дабавени захари'),
(10, 'Сушени круши', 'Сушени плодове', 1, 'Вилямова Масловка', '/Sun_and_ground/images/products/dry_pear.webp', 'Собствено производство', 'Съхранявайте на сухо, тъмно и хладно място до 1 година', 'Крушите от сорта Вилямова Масловка са най-предпочитаните за готвене и сушене заради своя сладък вкус и твърда плът. Изсушени са по традиционни методи и не съдържат консерванти и дабавени захари'),
(11, 'Сушени сливи', 'Сушени плодове', 1, 'Кюстендилска синя', '/Sun_and_ground/images/products/dry_pulm.avif', 'Собствено производство', 'Съхранявайте на сухо, тъмно и хладно място до 1 година', 'Сортът Кюстендилска синя е български сорт сливи харктеризирани с големи плодове и сладък вкус. Изсушени са по традиционни методи и не съдържат консерванти и дабавени захари'),
(12, 'Компот ягода', 'Компоти', 1, 'Фламенко', '/Sun_and_ground/images/products/kompot_strawberry.jpg', 'Собствено производство', 'Съхранявайте на тъмно и хладно място до 3 години.', 'Ягодите от късния сорт Фламенко се отличават с интенсзивния си аромат и сладък вкус. Компота е ръчно направен и затворен без добавени консерванти.'),
(13, 'Компот праскова', 'Компоти', 1, 'Редхейвън', '/Sun_and_ground/images/products/kompot_peach.jpg', 'Собствено производство', 'Съхранявайте на тъмно и хладно място до 3 години.', 'Прасковите от сорта Редхейвън са едри с сладък вкус. Компота е ръчно направен и затворен без добавени консерванти.'),
(14, 'Компот череша', 'Компоти', 1, 'Светла', '/Sun_and_ground/images/products/kompot_cherry.webp', 'Собствено производство', 'Съхранявайте на тъмно и хладно място до 3 години.', 'Черешита от българския сорт Светла са едри и сладки с светлочервен цвят. Компота е ръчно направен и затворен без добавени консерванти.'),
(15, 'Сладко от ягоди', 'Сладко', 1, 'Фламенко', '/Sun_and_ground/images/products/strawberry_jam.jpg', 'Собствено производство', 'Съхранявайте на тъмно и хладно място до 3 години.', 'Ягодите от късния сорт Фламенко се отличават с интенсзивния си аромат и сладък вкус. Сладкото е ръчно направено и не съдържа консервантин.'),
(16, 'Слатко от праскови', 'Сладко', 1, '', '/Sun_and_ground/images/products/peach_jam.jpg', 'Собствено производство', 'Съхранявайте на тъмно и хладно място до 3 години.', 'Прасковите от сорта Редхейвън са едри с сладък вкус. Сладкото е ръчно направено и не съдържа консервантин.'),
(17, 'Сладко от боровинки', 'Сладко', 1, 'Горски', '/Sun_and_ground/images/products/blueberry_jam.jpg', 'Диви боровинки', 'Съхранявайте на тъмно и хладно място до 3 години.', 'Сладкото е ръчно направено и не съдържа консервантин.'),
(18, 'Слатко от кайсии', 'Сладко', 1, 'Хатафока', '/Sun_and_ground/images/products/apricot_jam.jpg', 'Собствено производство', 'Съхранявайте на тъмно и хладно място до 3 години.', 'Кайсиите от японския сорт Хатафока се отличават с сладкия си вкус и интензивен аромат. Сладкото е ръчно направено и не съдържа консервантин.'),
(19, 'Сладко от смокини', 'Сладко', 1, 'Поморийска', '/Sun_and_ground/images/products/fig_jam.jpg', 'Собствено производство', 'Съхранявайте на тъмно и хладно място до 3 години.', 'Смокините от българския сорт Поморийска са средно големис, с характерен аромат и сладък вкус. Сладкото е ръчно направено и не съдържа консервантин.'),
(20, 'Сладко от череши', 'Сладко', 1, 'Светла', '/Sun_and_ground/images/products/cherry_jam.jpg', 'Собствено производство', 'Съхранявайте на тъмно и хладно място до 3 години.', 'Черешита от българския сорт Светла са едри и сладки с светлочервен цвят. Сладкото е ръчно направено и не съдържа консервантин.'),
(21, 'Сладко от черници', 'Сладко', 1, 'Черна черница', '/Sun_and_ground/images/products/black_mulberries_jam.jpg', 'Собствено производство', 'Съхранявайте на тъмно и хладно място до 3 години.', 'Едър, сладък и ароматен плод. Сладкото е ръчно направено и не съдържа консервантин.'),
(22, 'Сладко от сливи', 'Сладко', 1, 'Кюстендилска синя', '/Sun_and_ground/images/products/plum_jam.jpg', 'Собствено производство', 'Съхранявайте на тъмно и хладно място до 3 години.', 'Сортът Кюстендилска синя е български сорт сливи харктеризирани с големи плодове и сладък вкус. Сладкото е ръчно направено и не съдържа консервантин.'),
(23, 'Кисели краставички', 'Туршия', 1, 'Каприкорн', '/Sun_and_ground/images/products/pickles.jpg', 'Собствено производство', 'Съхранявайте на тъмно и хладно място до 3 години.', 'Плодовете от сорта Каприкорн са тъмнозелени, цилиндрични и с много добър вкус. Ръчно направено без добавени консерванти.'),
(24, 'Царска туршия', 'Туршия', 1, 'Сноубол/бяло зеле/капия', '/Sun_and_ground/images/products/carska_turshiq.jpg', 'Собствено производство', 'Съхранявайте на тъмно и хладно място до 3 години.', 'Ръчно направено без добавени консерванти.'),
(25, 'Люти чушки', 'Туршия', 1, 'Шипка', '/Sun_and_ground/images/products/hot_pepper.jpg', 'Собствено производство', 'Съхранявайте на тъмно и хладно място до 3 години.', 'Ръчно направено без добавени консерванти.'),
(26, 'Бадеми', 'Ядки', 1, 'Аспарух', '/Sun_and_ground/images/products/almonds.jpg', 'Собствено производство', 'Съхранявайте на сухо и хладно място до 1 ходина', 'Български сорт с Средно едри плодове със заострено-ланцетовидна форма.'),
(27, 'Орехи', 'Ядки', 1, 'Диви', '/Sun_and_ground/images/products/walnut.jpg', 'Диви орехи', 'Съхранявайте на сухо и хладно място до 1 ходина', 'Диви орехи набрани от дървета в горите в близост до град Кресна'),
(28, 'Фъстъци', 'Ядки', 1, 'Калина', '/Sun_and_ground/images/products/peanut.jpg', 'Собствено производство', 'Съхранявайте на сухо и хладно място до 1 ходина', 'Фъстъците от сорт Калина са едри и добре оформени. Това е един от най-разпространените сортове и е високо ценен заради отличните си вкусови качества'),
(29, 'Саламурено сирене', 'Млечни продукти', 1, 'Краве мляко', '/Sun_and_ground/images/products/sirene.jpg', 'Собствено производство', 'Съхранявайте до 6 седмици в хладилник', 'Сиренето е произведено във нашата мандра, а млякото използвано за неговата направа идва от нашите свободно отглеждани и щастливи крави'),
(30, 'Кашкавал', 'Млечни продукти', 1, 'Краве мляко', '/Sun_and_ground/images/products/kashkaval.webp', 'Собствено производство', 'Съхранявайте до 6 седмици в хладилник', 'СКашкавала е произведено във нашата мандра, а млякото използвано за неговата направа идва от нашите свободно отглеждани и щастливи крави'),
(31, 'Прясно сирене', 'Млечни продукти', 1, 'Краве мляко', '/Sun_and_ground/images/products/sirene_prqsno.jpg', 'Собствено производство', 'Съхранявайте до 4 седмици в хладилник', 'Сиренето е произведено във нашата мандра, а млякото използвано за неговата направа идва от нашите свободно отглеждани и щастливи крави'),
(32, 'Кисело мляко', 'Млечни продукти', 1, 'Краве мляко', '/Sun_and_ground/images/products/kiselo_mlqko.jpg', 'Собствено производство', 'Съхранявайте до 3 седмици в хладилник', 'Киселото мляко е произведено във нашата мандра, а млякото използвано за неговата направа идва от нашите свободно отглеждани и щастливи крави'),
(33, 'Мед', 'Пчелни продукти', 1, 'Пчелен мед', '/Sun_and_ground/images/products/med.jpg', 'Собствено производство', 'Неограничен срок ', 'Висококачрствения мед дължим на нашите пчели разположени във серцето на фермата. Без добавена захар.'),
(34, 'Пчелно млечице', 'Пчелни продукти', 1, 'Пчелно млечице', '/Sun_and_ground/images/products/royal_jelly.webp', 'Собствено производство', 'Съхранявайте в хладилник до 3 месеца.', 'Пчелното млечице е секрет, произвеждан от пчелите работнички, с който те хранят майката и ларвите. Богато е на витамини, минерали и аминокиселини, и се смята за естествен енергетик.'),
(35, 'Пчелен клей', 'Пчелни продукти', 1, 'Пчелен клей', '/Sun_and_ground/images/products/pchelen_klei.jpg', 'Собствено производство', 'Съхранявайте в хладилник до 7 години.', 'Пчелният клей е смолисто вещество, събирано от пчелите от пъпките на растенията, което те използват за дезинфекция на кошера. Той има антибактериални и противовъзпалителни свойства'),
(36, 'Пчелен прашец', 'Шчелни продукти', 1, 'Пчелен прашец', '/Sun_and_ground/images/products/pchelen_prashec.jpg', 'Собствено производство', 'Съхранявайте на сухо и хладно място до 1 година', 'Пчелният прашец е цветен прашец, събиран от пчелите и обогатен с ензими. Представлява ценен източник на витамини, минерали и протеини.'),
(37, 'Лайка', 'Чай', 1, 'Дива', '/Sun_and_ground/images/products/laika.jpeg', 'Дива лайка', 'Съхранявайте на сухо място до 1 година', 'Лайката е набрана във нашата ферма, където през лятото има изобилие от нея. Лайката е известна със своите успокояващи свойства и често се използва за облекчаване на безсънието и тревожността.'),
(38, 'Липа', 'Чай', 1, 'Едролистна липа', '/Sun_and_ground/images/products/lipa.jpg', 'Собствено производство', 'Съхранявайте на сухо място до 1 година', 'Липата е набрана във нашата ферма благодарение на множеството засадени дървета. Липата има противовъзпалителни свойства и е популярна при настинки и грип, тъй като помага за намаляване на температурата и облекчаване на кашлицата.'),
(39, 'Мащерка', 'Чай', 1, 'Дива', '/Sun_and_ground/images/products/mashterka.webp', 'Дива мащерка', 'Съхранявайте на сухо място до 1 година', 'Набрана в планина Пирин на над 1500м с внимание към растението и запазване на неговия живот. Мащерката притежава антисептични и антибактериални свойства и се използва при лечение на респираторни проблеми, като бронхит и кашлица.'),
(40, 'Риган', 'Чай', 1, 'Див', '/Sun_and_ground/images/products/rigan.webp', 'Див риган', 'Съхранявайте на сухо място до 1 година', 'Набран е във гори дълеч от говешко присъствие с внимание към растението. Риганът е силен антиоксидант и има противогъбични свойства, което го прави полезен при стомашно-чревни проблеми и инфекции.'),
(41, 'Жълт кантарион', 'Чай', 1, 'Див', '/Sun_and_ground/images/products/jylt_kantarion.webp', 'Див жълт кантарион', 'Съхранявайте на сугхо място до 1 година', 'Набран е в планина Пирин на над 1200м с внимание към растението и запазваня на неговиа живот. Риганът е силен антиоксидант и има противогъбични свойства, което го прави полезен при стомашно-чревни проблеми и инфекции.'),
(42, 'Бял равнец', 'Чай', 1, 'Див', '/Sun_and_ground/images/products/bql_ravnec.webp', 'Див бял равнец', 'Съхранявайте на сухо място до 1 година', 'Набран е в планина Пирин на над 800м с внимание към растението и запазване на неговия живот. Белият равнец има кръвоспиращо действие и се използва при нарушения на менструалния цикъл и вътрешни кръвоизливи.'),
(43, 'Смокинови листа', 'Чай', 1, 'Поморийска', '/Sun_and_ground/images/products/fig_leaves.png', 'Собствено производство', 'Съхранявайте на сухо място до 1 година', 'Набрани са от смокиновите дървета в нашата ферма. Смокиновите листа имат противовъзпалителни и антибактериални свойства и се използват при лечение на кожни проблеми и за укрепване на имунната система.'),
(44, 'Мента', 'Чай', 1, 'Ябълкова мента', '/Sun_and_ground/images/products/menta.jpg', 'Собствено производство', 'Съхранявайте на сухо място до 1 година', 'Отгледана е във нашата ферма. Ментата има освежаващ ефект и помага при храносмилателни проблеми, като подуване на корема и гадене');

-- --------------------------------------------------------

--
-- Структура на таблица `product_variations`
--

CREATE TABLE `product_variations` (
  `id` int(11) NOT NULL,
  `product_id` int(11) NOT NULL,
  `weight_grams` int(11) NOT NULL,
  `price_cents` int(11) NOT NULL
) ENGINE=InnoDB DEFAULT CHARSET=utf8mb4 COLLATE=utf8mb4_general_ci;

--
-- Схема на данните от таблица `product_variations`
--

INSERT INTO `product_variations` (`id`, `product_id`, `weight_grams`, `price_cents`) VALUES
(1, 1, 250, 700),
(2, 1, 500, 1300),
(3, 1, 1000, 2500),
(4, 1, 2000, 4750),
(5, 2, 250, 750),
(6, 2, 500, 1400),
(7, 2, 1000, 2700),
(8, 2, 2000, 5000),
(9, 3, 250, 500),
(10, 3, 500, 950),
(11, 3, 1000, 1750),
(12, 3, 2000, 3400),
(13, 4, 250, 600),
(14, 4, 500, 1100),
(15, 4, 1000, 2000),
(16, 4, 2000, 3750),
(17, 5, 250, 700),
(18, 5, 500, 1300),
(19, 5, 1000, 2500),
(20, 5, 2000, 4750),
(21, 6, 250, 700),
(22, 6, 500, 1300),
(23, 6, 1000, 2500),
(24, 6, 2000, 4750),
(25, 7, 250, 500),
(26, 7, 500, 950),
(27, 7, 1000, 1750),
(28, 7, 2000, 3400),
(29, 8, 250, 750),
(30, 8, 500, 1400),
(31, 8, 1000, 2700),
(32, 8, 2000, 5000),
(33, 9, 250, 500),
(34, 9, 500, 950),
(35, 9, 1000, 1750),
(36, 9, 2000, 3400),
(37, 10, 250, 500),
(38, 10, 500, 950),
(39, 10, 1000, 1750),
(40, 10, 2000, 3400),
(41, 11, 250, 600),
(42, 11, 500, 1100),
(43, 11, 1000, 2100),
(44, 11, 2000, 4000),
(45, 12, 800, 700),
(46, 13, 800, 700),
(47, 14, 800, 700),
(48, 15, 400, 500),
(49, 15, 1000, 1000),
(50, 15, 1500, 1450),
(51, 15, 2000, 1900),
(52, 16, 400, 400),
(53, 16, 1000, 900),
(54, 16, 1500, 1300),
(55, 16, 2000, 1900),
(56, 17, 400, 800),
(57, 17, 1000, 1900),
(58, 17, 1500, 2800),
(59, 17, 2000, 3700),
(60, 18, 400, 450),
(61, 18, 1000, 950),
(62, 18, 1500, 1400),
(63, 18, 2000, 1850),
(64, 19, 400, 400),
(65, 19, 1000, 900),
(66, 19, 1500, 1300),
(67, 19, 2000, 1900),
(68, 20, 400, 600),
(69, 20, 1000, 1400),
(70, 20, 1500, 2000),
(71, 20, 2000, 2700),
(72, 21, 400, 600),
(73, 21, 1000, 1400),
(74, 21, 1500, 2000),
(75, 21, 2000, 2700),
(76, 22, 400, 400),
(77, 22, 1000, 900),
(78, 22, 1500, 1300),
(79, 22, 2000, 1900),
(80, 23, 1000, 500),
(81, 23, 2000, 950),
(82, 23, 3000, 1400),
(83, 23, 5000, 2200),
(84, 24, 1000, 500),
(85, 24, 2000, 950),
(86, 24, 3000, 1400),
(87, 24, 5000, 2200),
(88, 25, 500, 500),
(89, 25, 1000, 950),
(90, 25, 2000, 1800),
(91, 25, 3000, 2700),
(92, 26, 500, 1250),
(93, 26, 1000, 2400),
(94, 26, 2000, 4700),
(95, 26, 5000, 11500),
(96, 27, 500, 1100),
(97, 27, 1000, 2100),
(98, 27, 2000, 4100),
(99, 27, 5000, 10000),
(100, 28, 500, 400),
(101, 28, 1000, 750),
(102, 28, 2000, 1450),
(103, 28, 5000, 3500),
(104, 29, 1000, 1500),
(105, 29, 2000, 2900),
(106, 29, 3000, 4300),
(107, 29, 5000, 7000),
(108, 30, 1000, 1500),
(109, 30, 2000, 2900),
(110, 30, 3000, 4300),
(111, 30, 5000, 7000),
(112, 31, 1000, 1000),
(113, 31, 2000, 1950),
(114, 31, 3000, 2850),
(115, 31, 5000, 4700),
(116, 32, 800, 1090),
(117, 33, 400, 500),
(118, 33, 800, 975),
(119, 33, 1500, 1950),
(120, 33, 2000, 2400),
(121, 34, 10, 1000),
(122, 34, 20, 1950),
(123, 34, 50, 4800),
(124, 34, 100, 9500),
(125, 35, 10, 300),
(126, 35, 20, 550),
(127, 35, 50, 1300),
(128, 35, 100, 2500),
(129, 36, 100, 450),
(130, 36, 200, 850),
(131, 36, 500, 1600),
(132, 36, 1000, 3000),
(133, 37, 200, 450),
(134, 37, 500, 1100),
(135, 37, 1000, 2000),
(136, 37, 2000, 3800),
(137, 38, 200, 450),
(138, 38, 500, 1100),
(139, 38, 1000, 2000),
(140, 38, 2000, 3800),
(141, 39, 200, 450),
(142, 39, 500, 1100),
(143, 39, 1000, 2000),
(144, 39, 2000, 3800),
(145, 40, 200, 450),
(146, 40, 500, 1100),
(147, 40, 1000, 2000),
(148, 40, 2000, 3800),
(149, 41, 200, 450),
(150, 41, 500, 1100),
(151, 41, 1000, 2000),
(152, 41, 2000, 3800),
(153, 42, 200, 450),
(154, 42, 500, 1100),
(155, 42, 1000, 2000),
(156, 42, 2000, 3800),
(157, 43, 200, 200),
(158, 43, 500, 450),
(159, 43, 1000, 800),
(160, 43, 2000, 1500),
(161, 44, 200, 450),
(162, 44, 500, 800),
(163, 44, 1000, 1500),
(164, 44, 2000, 2800);

-- --------------------------------------------------------

--
-- Структура на таблица `users`
--

CREATE TABLE `users` (
  `id` int(11) NOT NULL,
  `firstname` varchar(50) NOT NULL,
  `lastname` varchar(50) NOT NULL,
  `pwd` varchar(255) NOT NULL,
  `email` varchar(100) NOT NULL,
  `city` varchar(25) NOT NULL,
  `home_address` varchar(255) NOT NULL,
  `phone` varchar(20) NOT NULL,
  `created_at` datetime NOT NULL DEFAULT curtime(),
  `is_admin` tinyint(1) NOT NULL DEFAULT 0
) ENGINE=InnoDB DEFAULT CHARSET=utf8mb4 COLLATE=utf8mb4_general_ci;

--
-- Схема на данните от таблица `users`
--

INSERT INTO `users` (`id`, `firstname`, `lastname`, `pwd`, `email`, `city`, `home_address`, `phone`, `created_at`, `is_admin`) VALUES
(1, 'Антон', 'Тодоров', '$2y$12$b1Jo.soSgq5O/Ywk76CxteZSEJWSXiE.jzGcb4gubFMDORn05j8lO', 'toniyrus0co0l@gmail.com', 'Кресна', 'Улица \"Спартак\" Номер 29', '0895229715', '2025-06-12 07:40:32', 0),
(2, 'Антон', 'Тодоров', '$2y$12$egpZ2c.UMGEgCLef9JAMVegL.tIDBGQjvfJQmMzs79Vmh0gRHsW7G', 'anton.k.todorov@gmail.com', 'Кресна', 'Улица \"Спартак\" Номер 29', '0899766013', '2025-09-04 18:30:32', 1);

--
-- Indexes for dumped tables
--

--
-- Индекси за таблица `carts`
--
ALTER TABLE `carts`
  ADD PRIMARY KEY (`id`),
  ADD KEY `user_id` (`user_id`);

--
-- Индекси за таблица `cart_items`
--
ALTER TABLE `cart_items`
  ADD PRIMARY KEY (`id`),
  ADD UNIQUE KEY `unique_cart_item` (`cart_id`,`product_variations_id`),
  ADD KEY `product_variations_id` (`product_variations_id`);

--
-- Индекси за таблица `orders`
--
ALTER TABLE `orders`
  ADD PRIMARY KEY (`id`),
  ADD KEY `user_id` (`user_id`);

--
-- Индекси за таблица `order_items`
--
ALTER TABLE `order_items`
  ADD PRIMARY KEY (`id`),
  ADD KEY `order_id` (`order_id`),
  ADD KEY `product_variation_id` (`product_variation_id`);

--
-- Индекси за таблица `products`
--
ALTER TABLE `products`
  ADD PRIMARY KEY (`id`);

--
-- Индекси за таблица `product_variations`
--
ALTER TABLE `product_variations`
  ADD PRIMARY KEY (`id`),
  ADD KEY `product_id` (`product_id`);

--
-- Индекси за таблица `users`
--
ALTER TABLE `users`
  ADD PRIMARY KEY (`id`);

--
-- AUTO_INCREMENT for dumped tables
--

--
-- AUTO_INCREMENT for table `carts`
--
ALTER TABLE `carts`
  MODIFY `id` int(11) NOT NULL AUTO_INCREMENT, AUTO_INCREMENT=2;

--
-- AUTO_INCREMENT for table `cart_items`
--
ALTER TABLE `cart_items`
  MODIFY `id` int(11) NOT NULL AUTO_INCREMENT, AUTO_INCREMENT=26;

--
-- AUTO_INCREMENT for table `orders`
--
ALTER TABLE `orders`
  MODIFY `id` int(11) NOT NULL AUTO_INCREMENT, AUTO_INCREMENT=12;

--
-- AUTO_INCREMENT for table `order_items`
--
ALTER TABLE `order_items`
  MODIFY `id` int(11) NOT NULL AUTO_INCREMENT, AUTO_INCREMENT=16;

--
-- AUTO_INCREMENT for table `products`
--
ALTER TABLE `products`
  MODIFY `id` int(10) NOT NULL AUTO_INCREMENT, AUTO_INCREMENT=45;

--
-- AUTO_INCREMENT for table `product_variations`
--
ALTER TABLE `product_variations`
  MODIFY `id` int(11) NOT NULL AUTO_INCREMENT, AUTO_INCREMENT=165;

--
-- AUTO_INCREMENT for table `users`
--
ALTER TABLE `users`
  MODIFY `id` int(11) NOT NULL AUTO_INCREMENT, AUTO_INCREMENT=3;

--
-- Ограничения за дъмпнати таблици
--

--
-- Ограничения за таблица `carts`
--
ALTER TABLE `carts`
  ADD CONSTRAINT `carts_ibfk_1` FOREIGN KEY (`user_id`) REFERENCES `users` (`id`) ON DELETE CASCADE;

--
-- Ограничения за таблица `cart_items`
--
ALTER TABLE `cart_items`
  ADD CONSTRAINT `cart_items_ibfk_1` FOREIGN KEY (`cart_id`) REFERENCES `carts` (`id`) ON DELETE CASCADE,
  ADD CONSTRAINT `cart_items_ibfk_2` FOREIGN KEY (`product_variations_id`) REFERENCES `product_variations` (`id`) ON DELETE CASCADE;

--
-- Ограничения за таблица `orders`
--
ALTER TABLE `orders`
  ADD CONSTRAINT `orders_ibfk_1` FOREIGN KEY (`user_id`) REFERENCES `users` (`id`) ON DELETE CASCADE;

--
-- Ограничения за таблица `order_items`
--
ALTER TABLE `order_items`
  ADD CONSTRAINT `order_items_ibfk_1` FOREIGN KEY (`order_id`) REFERENCES `orders` (`id`) ON DELETE CASCADE,
  ADD CONSTRAINT `order_items_ibfk_2` FOREIGN KEY (`product_variation_id`) REFERENCES `product_variations` (`id`) ON DELETE CASCADE;

--
-- Ограничения за таблица `product_variations`
--
ALTER TABLE `product_variations`
  ADD CONSTRAINT `product_variations_ibfk_1` FOREIGN KEY (`product_id`) REFERENCES `products` (`id`) ON DELETE CASCADE;
COMMIT;

/*!40101 SET CHARACTER_SET_CLIENT=@OLD_CHARACTER_SET_CLIENT */;
/*!40101 SET CHARACTER_SET_RESULTS=@OLD_CHARACTER_SET_RESULTS */;
/*!40101 SET COLLATION_CONNECTION=@OLD_COLLATION_CONNECTION */;
